Metric,Value
Accuracy,0.7378230544381096
Precision,0.7854104636324968
Recall,0.7462490527911089
AUC,0.8245073803477103
